-- housesテーブル
INSERT IGNORE INTO houses (id, name, image_name, description, price_max,price_min, capacity, postal_code, address, phone_number) VALUES (1,'めしや 酒薬坐 東新町店','izakaya_01.jpg','和風モダンな居酒屋。季節の料理と日本酒のペアリングが楽しめます。',5000,9000,20,'460-0003','名古屋市中区幸楽町2丁目6-7','052-345-6789');
INSERT IGNORE INTO houses (id, name, image_name, description, price_max,price_min, capacity, postal_code, address, phone_number) VALUES (2,'全席個室 じぶんどき 名駅広小路通店','izakaya_02.jpg','落ち着いた雰囲気の和食居酒屋。厳選された日本酒と共に楽しむ季節の料理が魅力です。',2000,6000,30,'460-0004','名古屋市中区陽光町5丁目8-9','052-456-7890');
INSERT IGNORE INTO houses (id, name, image_name, description, price_max,price_min, capacity, postal_code, address, phone_number) VALUES (3,'サワデーすみ芳 栄店','izakaya_03.jpg','おしゃれな雰囲気のカジュアル居酒屋。豊富なカクテルメニューが楽しめます。',3000,7000,40,'450-0004','名古屋市中村区紅葉町9丁目18-19','052-901-2345');
INSERT IGNORE INTO houses (id, name, image_name, description, price_max,price_min, capacity, postal_code, address, phone_number) VALUES (4,'舎人庵・とんぼ','izakaya_04.jpg','和の趣あふれる隠れ家居酒屋。個室も完備で、ゆったりとくつろげます。',4000,8000,50,'466-0003','名古屋市昭和区白梅町3丁目24-25','052-234-7890');
INSERT IGNORE INTO houses (id, name, image_name, description, price_max,price_min, capacity, postal_code, address, phone_number) VALUES (5,'とまつ','izakaya_01.jpg','落ち着いた雰囲気の和食居酒屋。厳選された日本酒と共に楽しむ季節の料理が魅力です。',1500,5500,60,'466-0005','名古屋市昭和区星雲町5丁目28-29','052-456-9012');
INSERT IGNORE INTO houses (id, name, image_name, description, price_max,price_min, capacity, postal_code, address, phone_number) VALUES (6,'新栄 屋根裏','izakaya_02.jpg','おしゃれな雰囲気のカジュアル居酒屋。豊富なカクテルメニューが楽しめます。',5000,9000,20,'467-0001','名古屋市瑞穂区霞町7丁目32-33','052-678-1234');
INSERT IGNORE INTO houses (id, name, image_name, description, price_max,price_min, capacity, postal_code, address, phone_number) VALUES (7,'shiosai','izakaya_03.jpg','新鮮な野菜を使ったヘルシーな料理が自慢の居酒屋。女性客にも人気です。',2000,6000,30,'467-0002','名古屋市瑞穂区新緑町8丁目34-35','052-789-2345');
INSERT IGNORE INTO houses (id, name, image_name, description, price_max,price_min, capacity, postal_code, address, phone_number) VALUES (8,'生姜ダイニングJINGER','izakaya_04.jpg','和風モダンな居酒屋。生姜を中心とした料理と日本酒のペアリングが楽しめます。',3000,7000,40,'467-0004','名古屋市瑞穂区春日町1丁目38-39','052-901-4567');
INSERT IGNORE INTO houses (id, name, image_name, description, price_max,price_min, capacity, postal_code, address, phone_number) VALUES (9,'ポロ助','izakaya_01.jpg','和風モダンな居酒屋。季節の料理と日本酒のペアリングが楽しめます。',4000,8000,50,'456-0001','名古屋市熱田区紅葉町3丁目42-43','052-123-8901');
INSERT IGNORE INTO houses (id, name, image_name, description, price_max,price_min, capacity, postal_code, address, phone_number) VALUES (10,'食楽酒家 朋','izakaya_02.jpg','自家製の燻製料理が自慢の居酒屋。特に燻製チーズと燻製ナッツが人気です。',1500,5500,60,'456-0002','名古屋市熱田区南星町4丁目44-45','052-234-9012');
INSERT IGNORE INTO houses (id, name, image_name, description, price_max,price_min, capacity, postal_code, address, phone_number) VALUES (11,'龍太楼','izakaya_03.jpg','カウンター席で楽しむ炙り料理が人気の居酒屋。目の前で焼かれる香ばしい香りが食欲をそそります。',5000,9000,20,'450-0003','名古屋市中村区南風町8丁目16-17','052-890-6789');
INSERT IGNORE INTO houses (id, name, image_name, description, price_max,price_min, capacity, postal_code, address, phone_number) VALUES (12,'アジト 金山','izakaya_04.jpg','アットホームな雰囲気の居酒屋。店主自慢の手作り料理が人気です。',2000,6000,30,'466-0002','名古屋市昭和区北星町2丁目22-23','052-123-0123');
INSERT IGNORE INTO houses (id, name, image_name, description, price_max,price_min, capacity, postal_code, address, phone_number) VALUES (13,'一穀一枝','izakaya_01.jpg','地元の新鮮な野菜を使ったサラダバーが人気の居酒屋。健康志向の方におすすめです。',3000,7000,40,'466-0003','名古屋市昭和区白梅町3丁目24-25','052-234-1234');
INSERT IGNORE INTO houses (id, name, image_name, description, price_max,price_min, capacity, postal_code, address, phone_number) VALUES (14,'牡蠣×肉×海鮮 MIYABI 錦店','izakaya_02.jpg','豊富な創作料理が自慢の居酒屋。季節ごとの新メニューが楽しみです。',4000,8000,50,'456-0001','名古屋市熱田区紅葉町3丁目42-43','052-123-3456');
INSERT IGNORE INTO houses (id, name, image_name, description, price_max,price_min, capacity, postal_code, address, phone_number) VALUES (15,'凛','izakaya_03.jpg','個室完備の高級感漂う居酒屋。接待や特別な日のディナーに最適です。',1500,5500,60,'456-0004','名古屋市熱田区青空町6丁目48-49','052-456-6789');
INSERT IGNORE INTO houses (id, name, image_name, description, price_max,price_min, capacity, postal_code, address, phone_number) VALUES (16,'なかた','izakaya_04.jpg','アットホームな雰囲気の居酒屋。店主自慢の手作り料理が人気です。',5000,9000,20,'456-0005','名古屋市熱田区風香町7丁目50-51','052-567-7890');
INSERT IGNORE INTO houses (id, name, image_name, description, price_max,price_min, capacity, postal_code, address, phone_number) VALUES (17,'フルエンテ','Itarian_01.jpg','本場イタリアの味を再現したイタリアンレストラン。自家製の手打ちパスタと豊富なワインリストが自慢です。特に、シェフ特製のラザニアは一度食べる価値があります。',2000,6000,30,'450-0002','名古屋市中村区緑台町6丁目14-15','052-789-5678');
INSERT IGNORE INTO houses (id, name, image_name, description, price_max,price_min, capacity, postal_code, address, phone_number) VALUES (18,'The Kitchen Salvatore Cuomo NAGOYA','Itarian_02.jpg','おしゃれな雰囲気のトラットリア。季節の食材を使った前菜からデザートまで、コース料理が充実しています。デートや特別な日にぴったりの一軒です。',3000,7000,40,'467-0003','名古屋市瑞穂区平和町9丁目36-37','052-890-7890');
INSERT IGNORE INTO houses (id, name, image_name, description, price_max,price_min, capacity, postal_code, address, phone_number) VALUES (19,'ソロ ピッツァ ナポレターナ ダ ジェンナーロ 矢場店','Itarian_01.jpg','カジュアルに楽しめるピッツェリア。薪窯で焼き上げる本格ナポリピッツァが大人気。もちもちの生地と香ばしいチーズの香りがたまりません。',4000,8000,50,'467-0005','名古屋市瑞穂区竹林町2丁目40-41','052-012-9012');
INSERT IGNORE INTO houses (id, name, image_name, description, price_max,price_min, capacity, postal_code, address, phone_number) VALUES (20,'ROOF TOP de Espana El Loco','Itarian_02.jpg','落ち着いた雰囲気のリストランテ。新鮮な魚介を使った料理が自慢で、特に魚介のリゾットが絶品です。豊富なイタリアンワインとの相性も抜群です。',1500,5500,60,'454-0001','名古屋市中川区朝日町8丁目52-53','052-678-8901');
INSERT IGNORE INTO houses (id, name, image_name, description, price_max,price_min, capacity, postal_code, address, phone_number) VALUES (21,'うなぎ四代目菊川 栄店','unagi_01.jpg','厳選された新鮮なうなぎを使用し、秘伝のタレで香ばしく焼き上げた絶品のうなぎ料理をご提供します。落ち着いた和の空間で、最高のひとときをお楽しみください。',5000,9000,20,'467-0002','名古屋市瑞穂区新緑町8丁目34-35','052-789-6789');
INSERT IGNORE INTO houses (id, name, image_name, description, price_max,price_min, capacity, postal_code, address, phone_number) VALUES (22,'立呑割烹 むら瀬','kappou_01.jpg','季節の新鮮な食材を使用した繊細な和食をご提供します。落ち着いた和の空間で、職人の技と心を感じる至福のひとときをお楽しみください。',2000,6000,30,'466-0001','名古屋市昭和区青空町1丁目20-21','052-012-3456');
INSERT IGNORE INTO houses (id, name, image_name, description, price_max,price_min, capacity, postal_code, address, phone_number) VALUES (23,'イクジーノ カフェ','cafe_02.jpg','朝食メニューが充実したカフェです。新鮮な素材を使ったヘルシーな料理とともに、ゆったりとした朝のひとときをお過ごしください。',3000,7000,40,'454-0004','名古屋市中川区希望町2丁目58-59','052-901-6789');
INSERT IGNORE INTO houses (id, name, image_name, description, price_max,price_min, capacity, postal_code, address, phone_number) VALUES (24,'カフェ＆バー 月のしずく','cafe_01.jpg','こだわりのコーヒーと手作りスイーツをご提供。木の温もりが感じられる空間で、ほっと一息つく至福の時間をお楽しみください。',4000,8000,50,'454-0005','名古屋市中川区未来町3丁目60-61','052-012-2345');
INSERT IGNORE INTO houses (id, name, image_name, description, price_max,price_min, capacity, postal_code, address, phone_number) VALUES (25,'串カツ 青山七丁目','kushikatsu_01.jpg','サクサクの衣とジューシーな具材が自慢。秘伝のソースとともに、出来たての美味しさをぜひご堪能ください。',1500,5500,60,'460-0005','名古屋市中区青葉町7丁目10-11','052-567-8901');
INSERT IGNORE INTO houses (id, name, image_name, description, price_max,price_min, capacity, postal_code, address, phone_number) VALUES (26,'咲串 おかげ屋 千種駅前店','kushikatsu_02.jpg','新鮮な食材を丁寧に揚げた串カツを提供。豊富なメニューとアットホームな雰囲気で、気軽に立ち寄れるお店です。',5000,9000,20,'466-0005','名古屋市昭和区星雲町5丁目28-29','052-456-3456');
INSERT IGNORE INTO houses (id, name, image_name, description, price_max,price_min, capacity, postal_code, address, phone_number) VALUES (27,'炭火串焼と旬鮮料理の店 炭吉','kushiyaki_01','多彩な串焼きメニューが楽しめるお店です。職人が一本一本丁寧に焼き上げる串焼きは、絶品の逸品です。温かい雰囲気でお待ちしております。',2000,6000,30,'456-0004','名古屋市熱田区青空町6丁目48-49','052-456-1234');
INSERT IGNORE INTO houses (id, name, image_name, description, price_max,price_min, capacity, postal_code, address, phone_number) VALUES (28,'魚河岸酒場 FUKU浜金 栄住吉店','gyokai_01.jpg','朝獲れの新鮮な魚を使用した絶品料理をご提供。豊富なメニューで海の恵みを堪能できます。',3000,7000,40,'460-0002','名古屋市中区新光町3丁目4-5','052-234-5678');
INSERT IGNORE INTO houses (id, name, image_name, description, price_max,price_min, capacity, postal_code, address, phone_number) VALUES (29,'せいろ蒸しと魚 鶴亀','gyokai_02.jpg','旬の魚を使った繊細な料理を提供。職人技が光る一皿一皿を、心地よい和の空間でお楽しみください。',4000,8000,50,'454-0002','名古屋市中川区新風町9丁目54-55','052-789-4567');
INSERT IGNORE INTO houses (id, name, image_name, description, price_max,price_min, capacity, postal_code, address, phone_number) VALUES (30,'越前鮮魚店 伏見店','gyokai_03.jpg','新鮮な刺身や焼き魚を堪能。料理人の技術が光る逸品をご提供します。',1500,5500,60,'460-0002','名古屋市中区新光町3丁目4-5','052-234-0123');
INSERT IGNORE INTO houses (id, name, image_name, description, price_max,price_min, capacity, postal_code, address, phone_number) VALUES (31,'旬菜旬魚 樹酒場','gyokai_04.jpg','港町直送の新鮮な魚料理が自慢。豪華な刺身盛り合わせや煮魚で、心ゆくまで海の幸を味わえます。',5000,9000,20,'460-0004','名古屋市中区陽光町5丁目8-9','052-456-2345');
INSERT IGNORE INTO houses (id, name, image_name, description, price_max,price_min, capacity, postal_code, address, phone_number) VALUES (32,'さかなやま 本場','gyokai_01.jpg','地元産の新鮮魚介を使った創作料理が人気。季節感あふれる一品をお楽しみください。',2000,6000,30,'450-0001','名古屋市中村区桜川町4丁目12-13','052-678-4567');
INSERT IGNORE INTO houses (id, name, image_name, description, price_max,price_min, capacity, postal_code, address, phone_number) VALUES (33,'うに横丁','gyokai_02.jpg','海の恵みをふんだんに使った料理が魅力。焼き魚や煮魚、刺身など多彩なメニューを用意しています。',3000,7000,40,'450-0004','名古屋市中村区紅葉町9丁目18-19','052-901-7890');
INSERT IGNORE INTO houses (id, name, image_name, description, price_max,price_min, capacity, postal_code, address, phone_number) VALUES (34,'本まぐろと名古屋飯 花かるた','gyokai_03.jpg','毎日新鮮な魚を仕入れ、丁寧に調理。香ばしい焼き魚や旨味たっぷりの煮魚が絶品です。',4000,8000,50,'466-0004','名古屋市昭和区花園町4丁目26-27','052-345-2345');
INSERT IGNORE INTO houses (id, name, image_name, description, price_max,price_min, capacity, postal_code, address, phone_number) VALUES (35,'喰海 錦亭','gyokai_04.jpg','新鮮な魚介を使った和食を提供。職人が手掛ける料理で、心温まるひとときをお過ごしください。',1500,5500,60,'467-0004','名古屋市瑞穂区春日町1丁目38-39','052-901-8901');
INSERT IGNORE INTO houses (id, name, image_name, description, price_max,price_min, capacity, postal_code, address, phone_number) VALUES (36,'寿司 赤酢 名古屋','sushi_01.jpg','厳選された新鮮なネタを使用し、職人技が光る寿司をご提供。上質なひとときをお楽しみください。',5000,9000,20,'454-0003','名古屋市中川区若葉町1丁目56-57','052-890-5678');
INSERT IGNORE INTO houses (id, name, image_name, description, price_max,price_min, capacity, postal_code, address, phone_number) VALUES (37,'すし処 美月','sushi_02.jpg','伝統の江戸前寿司を堪能。新鮮なネタとこだわりのシャリで、一貫一貫に心を込めています。',2000,6000,30,'454-0005','名古屋市中川区未来町3丁目60-61','052-012-7890');
INSERT IGNORE INTO houses (id, name, image_name, description, price_max,price_min, capacity, postal_code, address, phone_number) VALUES (38,'鮨 輝泉','sushi_03.jpg','豊富なネタと職人の技で絶品の寿司をご提供。落ち着いた雰囲気の中で贅沢な時間をお過ごしください。',3000,7000,40,'456-0003','名古屋市熱田区初夏町5丁目46-47','052-345-5678');
INSERT IGNORE INTO houses (id, name, image_name, description, price_max,price_min, capacity, postal_code, address, phone_number) VALUES (39,'薬膳火鍋 SHANGRI-LA','huka_01.jpg','点心から本格的な中華料理まで幅広く提供。家庭的な雰囲気で、気軽に立ち寄れるお店です。',4000,8000,50,'467-0001','名古屋市瑞穂区霞町7丁目32-33','052-678-5678');
INSERT IGNORE INTO houses (id, name, image_name, description, price_max,price_min, capacity, postal_code, address, phone_number) VALUES (40,'鉄板 轟','meat_01.jpg','新鮮な食材を目の前で調理。香ばしい鉄板焼きをお楽しみください。豪快なパフォーマンスも見どころです。',1500,5500,60,'466-0004','名古屋市昭和区花園町4丁目26-27','052-345-8901');
INSERT IGNORE INTO houses (id, name, image_name, description, price_max,price_min, capacity, postal_code, address, phone_number) VALUES (41,'FLARIE BBQ','meat_02.jpg','旬の食材を使った鉄板焼きを提供。アットホームな雰囲気で、楽しいひとときをお過ごしください。',5000,9000,20,'466-0006','名古屋市昭和区松風町6丁目30-31','052-567-0123');
INSERT IGNORE INTO houses (id, name, image_name, description, price_max,price_min, capacity, postal_code, address, phone_number) VALUES (42,'かじゅあるてっぱん 桃〇','meat_03.jpg','ジューシーなステーキや海鮮焼きが自慢。シェフの技が光る料理を、ライブ感あふれる鉄板で堪能できます。',2000,6000,30,'467-0005','名古屋市瑞穂区竹林町2丁目40-41','052-012-5678');
INSERT IGNORE INTO houses (id, name, image_name, description, price_max,price_min, capacity, postal_code, address, phone_number) VALUES (43,'ロデオグリル 名古屋駅店','meat_04.jpg','厳選素材を使用した絶品鉄板焼きをご提供。カウンター越しにシェフの技術を間近で楽しめます。',3000,7000,40,'466-0001','名古屋市昭和区青空町1丁目20-21','052-012-8901');
INSERT IGNORE INTO houses (id, name, image_name, description, price_max,price_min, capacity, postal_code, address, phone_number) VALUES (44,'天ぷら酒場 NAKASHO','tempra_01.jpg','厳選された新鮮な食材を使った創作料理をご提供。温かい雰囲気の中で、心地よいひとときをお楽しみください。',4000,8000,50,'460-0001','名古屋市中区希望町1丁目2-3','052-123-4567');
INSERT IGNORE INTO houses (id, name, image_name, description, price_max,price_min, capacity, postal_code, address, phone_number) VALUES (45,'天ぷらとワイン 小島 本店','tempra_02.jpg','四季折々の素材を活かした本格料理が自慢。職人技が光る一皿一皿を、落ち着いた和の空間でご堪能ください。',1500,5500,60,'466-0002','名古屋市昭和区北星町2丁目22-23','052-123-6789');
INSERT IGNORE INTO houses (id, name, image_name, description, price_max,price_min, capacity, postal_code, address, phone_number) VALUES (46,'天ぷら 旬和食 あきら','tempra_01.jpg','バラエティ豊かなメニューを提供。家庭的な雰囲気で、どなたでも気軽に美味しい料理を楽しめます。',5000,9000,20,'460-0001','名古屋市中区希望町1丁目2-3','052-123-9012');
INSERT IGNORE INTO houses (id, name, image_name, description, price_max,price_min, capacity, postal_code, address, phone_number) VALUES (47,'料理屋 錦三山車楼','meat_01.jpg','厳選された上質な肉を使用した絶品料理をご提供。ジューシーなステーキや炭火焼きなど、多彩なメニューで贅沢なひとときをお楽しみください。',2000,6000,30,'456-0003','名古屋市熱田区初夏町5丁目46-47','052-345-0123');
INSERT IGNORE INTO houses (id, name, image_name, description, price_max,price_min, capacity, postal_code, address, phone_number) VALUES (48,'焼きとり かわよし','kushiyaki_01.jpg','新鮮な鶏肉を使った香ばしい焼き鳥が自慢。秘伝のタレと炭火焼きの香りをお楽しみください。',3000,7000,40,'450-0002','名古屋市中村区緑台町6丁目14-15','052-789-0123');
INSERT IGNORE INTO houses (id, name, image_name, description, price_max,price_min, capacity, postal_code, address, phone_number) VALUES (49,'やきとり つまみ 万福','kushiyaki_02.jpg','丁寧に串打ちされた新鮮な鶏肉を炭火で焼き上げます。ビールとの相性も抜群で、楽しいひとときを。',4000,8000,50,'467-0003','名古屋市瑞穂区平和町9丁目36-37','052-890-3456');
INSERT IGNORE INTO houses (id, name, image_name, description, price_max,price_min, capacity, postal_code, address, phone_number) VALUES (50,'焼肉 GYUJIN 大曽根店','meat_01.jpg','厳選された上質な肉を炭火で焼き上げます。ジューシーな味わいを堪能できる贅沢なひとときをお楽しみください。',1500,5500,60,'450-0001','名古屋市中村区桜川町4丁目12-13','052-678-9012');
INSERT IGNORE INTO houses (id, name, image_name, description, price_max,price_min, capacity, postal_code, address, phone_number) VALUES (51,'焼肉JIN NAGOYA','meat_02.jpg','秘伝のタレと新鮮な食材が自慢。香ばしい焼肉とともに、特別なひとときをお過ごしください。',5000,9000,20,'450-0003','名古屋市中村区南風町8丁目16-17','052-890-1234');
INSERT IGNORE INTO houses (id, name, image_name, description, price_max,price_min, capacity, postal_code, address, phone_number) VALUES (52,'炭火焼肉 帝','meat_03.jpg','豊富なメニューと新鮮な肉を提供。アットホームな雰囲気で、家族や友人と楽しい時間をお楽しみください。',2000,6000,30,'454-0001','名古屋市中川区朝日町8丁目52-53','052-678-3456');
INSERT IGNORE INTO houses (id, name, image_name, description, price_max,price_min, capacity, postal_code, address, phone_number) VALUES (53,'錦三 焼肉道 勇','meat_04.jpg','高品質な肉を使用し、特製のタレで味わう絶品の焼肉をご提供。心地よい空間で贅沢な食事を。',3000,7000,40,'456-0002','名古屋市熱田区南星町4丁目44-45','052-234-4567');
INSERT IGNORE INTO houses (id, name, image_name, description, price_max,price_min, capacity, postal_code, address, phone_number) VALUES (54,'焼肉レストラン 炎の匠','meat_01.jpg','こだわりの肉を炭火でじっくり焼き上げます。豊かな風味と旨味を存分にお楽しみください。',4000,8000,50,'454-0004','名古屋市中川区希望町2丁目58-59','052-901-1234');
INSERT IGNORE INTO houses (id, name, image_name, description, price_max,price_min, capacity, postal_code, address, phone_number) VALUES (55,'洋風ビストロ ル・クール','yoshoku_01.jpg','多彩な洋食メニューを提供。新鮮な素材を使った料理をカジュアルに楽しめる、居心地の良いお店です。',1500,5500,60,'454-0003','名古屋市中川区若葉町1丁目56-57','052-890-0123');
INSERT IGNORE INTO houses (id, name, image_name, description, price_max,price_min, capacity, postal_code, address, phone_number) VALUES (56,'炉端薫る あげまん 大曽根店','robata_01.jpg','こだわりの食材を炭火でじっくり焼き上げるお店。温かい雰囲気の中で、絶品の炉端焼きをご堪能ください。',5000,9000,20,'460-0003','名古屋市中区幸楽町2丁目6-7','052-345-1234');
INSERT IGNORE INTO houses (id, name, image_name, description, price_max,price_min, capacity, postal_code, address, phone_number) VALUES (57,'BISTRO TERRACE GORILLA','wine_01.jpg','希少なヴィンテージワインや限定ボトルが豊富な専門店。専門スタッフが最適なワイン選びをお手伝いします。',2000,6000,30,'460-0005','名古屋市中区青葉町7丁目10-11','052-567-3456');
INSERT IGNORE INTO houses (id, name, image_name, description, price_max,price_min, capacity, postal_code, address, phone_number) VALUES (58,'創意和食 野むら','washoku_01.jpg','季節の新鮮な食材を使った繊細な料理をご提供。落ち着いた和の空間で、伝統の味わいをお楽しみください。',3000,7000,40,'456-0005','名古屋市熱田区風香町7丁目50-51','052-567-2345');
INSERT IGNORE INTO houses (id, name, image_name, description, price_max,price_min, capacity, postal_code, address, phone_number) VALUES (59,'地酒と創作和食 吟','washoku_02.jpg','四季折々の旬の食材を使った本格和食が自慢。職人の技が光る料理を、心地よい雰囲気の中でご堪能ください。',4000,8000,50,'466-0006','名古屋市昭和区松風町6丁目30-31','052-567-4567');
INSERT IGNORE INTO houses (id, name, image_name, description, price_max,price_min, capacity, postal_code, address, phone_number) VALUES (60,'彩り和食亭 さくら','washoku_03.jpg','地元の新鮮な食材を使った多彩な料理をご提供。心温まる和の雰囲気で、贅沢なひとときをお過ごしください。',1500,5500,60,'454-0002','名古屋市中川区新風町9丁目54-55','052-789-9012');


-- rolesテーブル
INSERT IGNORE INTO roles (id,name) VALUES (1,'ROLE_ADMIN');
INSERT IGNORE INTO roles (id,name) VALUES (2,'ROLE_PAID');
INSERT IGNORE INTO roles (id,name) VALUES (3,'ROLE_FREE');

-- usersテーブル
INSERT IGNORE INTO users (id,role_id,name,furigana,age,birthday,remember_token,subscription_start_date,subscription_end_date,postal_code,address,phone_number,email,password,enabled,subscribe) VALUES (1,1, '侍 太郎', 'サムライ タロウ',32,'2023-06-01',NULL,NULL,NULL, '123-4567', '東京都新宿区西新宿1-1-1', '090-1234-5678', 'samuraitaro@example.com', '$2a$10$.waITNfulGlIxlJOqfOtbOmZjNMKnZfeD6FES7dVhQckSzYdbsVGy',1,1);
INSERT IGNORE INTO users (id,role_id,name,furigana,age,birthday,remember_token,subscription_start_date,subscription_end_date,postal_code,address,phone_number,email,password,enabled,subscribe) VALUES (2,1,'田中 花子','タナカ ハナコ',32,'2023-06-02',NULL,NULL,NULL,'234-5678','東京都渋谷区道玄坂1-1-2','080-2345-6789','tanaka@example.com','password',1,1);
INSERT IGNORE INTO users (id,role_id,name,furigana,age,birthday,remember_token,subscription_start_date,subscription_end_date,postal_code,address,phone_number,email,password,enabled,subscribe) VALUES (3,1,'鈴木 一郎','スズキ イチロウ',32,'2023-06-03',NULL,NULL,NULL,'345-6789','東京都港区六本木3-2-3','070-3456-7890','suzuki@example.com','password',1,1);
INSERT IGNORE INTO users (id,role_id,name,furigana,age,birthday,remember_token,subscription_start_date,subscription_end_date,postal_code,address,phone_number,email,password,enabled,subscribe) VALUES (4,2,'侍 次郎','サムライ ジロウ',32,'2023-06-04',NULL,NULL,NULL,'101-0022','東京都千代田区神田練塀町300番地','090-8765-4321','jiro.samurai@example.com','$2a$10$vhcW8PRiGW03hHKB.xaVzOXqDVC1mSJwMZldZB5T0zpW5LXPGGSc.',1,2);
INSERT IGNORE INTO users (id,role_id,name,furigana,age,birthday,remember_token,subscription_start_date,subscription_end_date,postal_code,address,phone_number,email,password,enabled,subscribe) VALUES (5,3,'木村 三太郎','キムラ サンタロウ',32,'2023-06-05',NULL,NULL,NULL,'514-0015','東京都世田谷区桜新町X-XX-XX','090-8762-4321','kimura.samurai@example.com','$2a$10$qeHn9q4nxBgw3KbToe2U4uLGtZzHObT5DDNCnBoIpW6aTgAwUuRKq',1,3);
INSERT IGNORE INTO users (id,role_id,name,furigana,age,birthday,remember_token,subscription_start_date,subscription_end_date,postal_code,address,phone_number,email,password,enabled,subscribe) VALUES (6,2,'小林 四郎','コバヤシ シロウ',32,'2023-06-06',NULL,NULL,NULL,'678-9012','東京都中野区中野6-5-6','040-6789-0123','kobayashi@example.com','password',1,2);
INSERT IGNORE INTO users (id,role_id,name,furigana,age,birthday,remember_token,subscription_start_date,subscription_end_date,postal_code,address,phone_number,email,password,enabled,subscribe) VALUES (7,2,'佐々木 五郎','ササキ ゴロウ',32,'2023-06-07',NULL,NULL,NULL,'789-0123','東京都杉並区高円寺7-6-7','030-7890-1234','sasaki@example.com','password',1,2);
INSERT IGNORE INTO users (id,role_id,name,furigana,age,birthday,remember_token,subscription_start_date,subscription_end_date,postal_code,address,phone_number,email,password,enabled,subscribe) VALUES (8,2,'高橋 六郎','タカハシ ロクロウ',32,'2023-06-08',NULL,NULL,NULL,'890-1234','東京都豊島区池袋8-7-8','020-8901-2345','takahashi@example.com','password',1,2);
INSERT IGNORE INTO users (id,role_id,name,furigana,age,birthday,remember_token,subscription_start_date,subscription_end_date,postal_code,address,phone_number,email,password,enabled,subscribe) VALUES (9,2,'伊藤 七郎','イトウ シチロウ',32,'2023-06-09',NULL,NULL,NULL,'901-2345','東京都板橋区大山9-8-9','010-9012-3456','ito@example.com','password',1,2);
INSERT IGNORE INTO users (id,role_id,name,furigana,age,birthday,remember_token,subscription_start_date,subscription_end_date,postal_code,address,phone_number,email,password,enabled,subscribe) VALUES (10,2,'松本 八郎','マツモト ハチロウ',32,'2023-06-10',NULL,NULL,NULL,'012-3456','東京都練馬区練馬10-9-10','090-0123-4567','matsumoto@example.com','password',1,2);
INSERT IGNORE INTO users (id,role_id,name,furigana,age,birthday,remember_token,subscription_start_date,subscription_end_date,postal_code,address,phone_number,email,password,enabled,subscribe) VALUES (11,2,'森田 九郎','モリタ クロウ',32,'2023-06-11',NULL,NULL,NULL,'123-4567','東京都足立区竹の塚11-10-11','080-1234-5678','morita@example.com','password',1,2);
INSERT IGNORE INTO users (id,role_id,name,furigana,age,birthday,remember_token,subscription_start_date,subscription_end_date,postal_code,address,phone_number,email,password,enabled,subscribe) VALUES (12,2,'星野 十郎','ホシノ ジュウロウ',32,'2023-06-12',NULL,NULL,NULL,'234-5678','東京都葛飾区柴又12-11-12','070-2345-6789','hoshino@example.com','password',1,2);
INSERT IGNORE INTO users (id,role_id,name,furigana,age,birthday,remember_token,subscription_start_date,subscription_end_date,postal_code,address,phone_number,email,password,enabled,subscribe) VALUES (13,2,'青木 十一郎','アオキ ジュウイチロウ',32,'2023-06-13',NULL,NULL,NULL,'345-6789','東京都江戸川区船堀13-12-13','060-3456-7890','aoki@example.com','password',1,2);
INSERT IGNORE INTO users (id,role_id,name,furigana,age,birthday,remember_token,subscription_start_date,subscription_end_date,postal_code,address,phone_number,email,password,enabled,subscribe) VALUES (14,2,'内田 十二郎','ウチダ ジュウニロウ',32,'2023-06-14',NULL,NULL,NULL,'456-7890','東京都中央区日本橋14-13-14','050-4567-8901','uchida@example.com','password',1,2);
INSERT IGNORE INTO users (id,role_id,name,furigana,age,birthday,remember_token,subscription_start_date,subscription_end_date,postal_code,address,phone_number,email,password,enabled,subscribe) VALUES (15,2,'田村 十三郎','タムラ ジュウサブロウ',32,'2023-06-15',NULL,NULL,NULL,'567-8901','東京都千代田区麹町15-14-15','040-5678-9012','tamura@example.com','password',1,2);
INSERT IGNORE INTO users (id,role_id,name,furigana,age,birthday,remember_token,subscription_start_date,subscription_end_date,postal_code,address,phone_number,email,password,enabled,subscribe) VALUES (16,2,'福田 十四郎','フクダ ジュウシロウ',32,'2023-06-16',NULL,NULL,NULL,'678-9012','東京都台東区浅草16-15-16','030-6789-0123','fukuda@example.com','password',1,2);
INSERT IGNORE INTO users (id,role_id,name,furigana,age,birthday,remember_token,subscription_start_date,subscription_end_date,postal_code,address,phone_number,email,password,enabled,subscribe) VALUES (17,2,'上野 十五郎','ウエノ ジュウゴロウ',32,'2023-06-17',NULL,NULL,NULL,'789-0123','東京都墨田区押上17-16-17','020-7890-1234','ueno@example.com','password',1,2);
INSERT IGNORE INTO users (id,role_id,name,furigana,age,birthday,remember_token,subscription_start_date,subscription_end_date,postal_code,address,phone_number,email,password,enabled,subscribe) VALUES (18,2,'石田 十六郎','イシダ ジュウロクロウ',32,'2023-06-18',NULL,NULL,NULL,'890-1234','東京都大田区蒲田18-17-18','010-8901-2345','ishida@example.com','password',1,2);
INSERT IGNORE INTO users (id,role_id,name,furigana,age,birthday,remember_token,subscription_start_date,subscription_end_date,postal_code,address,phone_number,email,password,enabled,subscribe) VALUES (19,2,'小川 十七郎','オガワ ジュウシチロウ',32,'2023-06-19',NULL,NULL,NULL,'901-2345','東京都世田谷区三軒茶屋19-18-19','090-9012-3456','ogawa@example.com','password',1,3);
INSERT IGNORE INTO users (id,role_id,name,furigana,age,birthday,remember_token,subscription_start_date,subscription_end_date,postal_code,address,phone_number,email,password,enabled,subscribe) VALUES (20,2,'橋本 十八郎','ハシモト ジュウハチロウ',32,'2023-06-20',NULL,NULL,NULL,'012-3456','東京都北区赤羽20-19-20','080-0123-4567','hashimoto@example.com','password',1,3);
INSERT IGNORE INTO users (id,role_id,name,furigana,age,birthday,remember_token,subscription_start_date,subscription_end_date,postal_code,address,phone_number,email,password,enabled,subscribe) VALUES (21,3,'木村 十九郎','キムラ ジュウキュウロウ',32,'2023-06-21',NULL,NULL,NULL,'123-4567','東京都豊島区目白21-20-21','070-1234-5678','kimura@example.com','password',1,3);
INSERT IGNORE INTO users (id,role_id,name,furigana,age,birthday,remember_token,subscription_start_date,subscription_end_date,postal_code,address,phone_number,email,password,enabled,subscribe) VALUES (22,3,'石川 二十郎','イシカワ ニジュウロウ',32,'2023-06-22',NULL,NULL,NULL,'234-5678','東京都江東区清澄白河22-21-22','060-2345-6789','ishikawa@example.com','password',1,3);
INSERT IGNORE INTO users (id,role_id,name,furigana,age,birthday,remember_token,subscription_start_date,subscription_end_date,postal_code,address,phone_number,email,password,enabled,subscribe) VALUES (23,3,'山下 二十一郎','ヤマシタ ニジュウイチロウ',32,'2023-06-23',NULL,NULL,NULL,'345-6789','東京都中野区鷺宮23-22-23','050-3456-7890','yamashita@example.com','password',1,3);
INSERT IGNORE INTO users (id,role_id,name,furigana,age,birthday,remember_token,subscription_start_date,subscription_end_date,postal_code,address,phone_number,email,password,enabled,subscribe) VALUES (24,3,'岡本 二十二郎','オカモト ニジュウニロウ',32,'2023-06-24',NULL,NULL,NULL,'456-7890','東京都新宿区西落合24-23-24','040-4567-8901','okamoto@example.com','password',1,3);
INSERT IGNORE INTO users (id,role_id,name,furigana,age,birthday,remember_token,subscription_start_date,subscription_end_date,postal_code,address,phone_number,email,password,enabled,subscribe) VALUES (25,3,'宮本 二十三郎','ミヤモト ニジュウサンロウ',32,'2023-06-25',NULL,NULL,NULL,'567-8901','東京都港区白金台25-24-25','030-5678-9012','miyamoto@example.com','password',1,3);
INSERT IGNORE INTO users (id,role_id,name,furigana,age,birthday,remember_token,subscription_start_date,subscription_end_date,postal_code,address,phone_number,email,password,enabled,subscribe) VALUES (26,3,'長谷川 二十四郎','ハセガワ ニジュウシロウ',32,'2023-06-26',NULL,NULL,NULL,'678-9012','東京都文京区本駒込26-25-26','020-6789-0123','hasegawa@example.com','password',1,3);
INSERT IGNORE INTO users (id,role_id,name,furigana,age,birthday,remember_token,subscription_start_date,subscription_end_date,postal_code,address,phone_number,email,password,enabled,subscribe) VALUES (27,3,'中野 二十五郎','ナカノ ニジュウゴロウ',32,'2023-06-27',NULL,NULL,NULL,'789-0123','東京都目黒区下目黒27-26-27','010-7890-1234','nakano@example.com','password',1,3);
INSERT IGNORE INTO users (id,role_id,name,furigana,age,birthday,remember_token,subscription_start_date,subscription_end_date,postal_code,address,phone_number,email,password,enabled,subscribe) VALUES (28,3,'杉本 二十六郎','スギモト ニジュウロクロウ',32,'2023-06-28',NULL,NULL,NULL,'890-1234','東京都中央区八重洲28-27-28','090-8901-2345','sugimoto@example.com','password',1,3);
INSERT IGNORE INTO users (id,role_id,name,furigana,age,birthday,remember_token,subscription_start_date,subscription_end_date,postal_code,address,phone_number,email,password,enabled,subscribe) VALUES (29,3,'松井 二十七郎','マツイ ニジュウシチロウ',32,'2023-06-29',NULL,NULL,NULL,'901-2345','東京都荒川区日暮里29-28-29','080-9012-3456','matsui@example.com','password',1,3);
INSERT IGNORE INTO users (id,role_id,name,furigana,age,birthday,remember_token,subscription_start_date,subscription_end_date,postal_code,address,phone_number,email,password,enabled,subscribe) VALUES (30,3,'土屋 二十八郎','ツチヤ ニジュウハチロウ',32,'2023-06-30',NULL,NULL,NULL,'012-3456','東京都品川区西大井30-29-30','070-0123-4567','tsuchiya@example.com','password',1,3);



-- reservationsテーブル
INSERT IGNORE INTO reservations (id, house_id, user_id, reserved_date, reserved_time, number_of_people) VALUES(1,1,4, '2023-06-01','10:00:00', 2);
INSERT IGNORE INTO reservations (id, house_id, user_id, reserved_date, reserved_time, number_of_people) VALUES(2,1,6, '2023-06-02','11:00:00', 4);
INSERT IGNORE INTO reservations (id, house_id, user_id, reserved_date, reserved_time, number_of_people) VALUES(3,1,7, '2023-06-03','12:00:00', 3);
INSERT IGNORE INTO reservations (id, house_id, user_id, reserved_date, reserved_time, number_of_people) VALUES(4,2,4, '2023-06-04','13:00:00', 5);
INSERT IGNORE INTO reservations (id, house_id, user_id, reserved_date, reserved_time, number_of_people) VALUES(5,2,6, '2023-06-05','14:00:00', 2);
INSERT IGNORE INTO reservations (id, house_id, user_id, reserved_date, reserved_time, number_of_people) VALUES(6,2,7, '2023-06-06','15:00:00', 1);
INSERT IGNORE INTO reservations (id, house_id, user_id, reserved_date, reserved_time, number_of_people) VALUES(7,3,4, '2023-06-07','16:00:00', 6);
INSERT IGNORE INTO reservations (id, house_id, user_id, reserved_date, reserved_time, number_of_people) VALUES(8,3,6, '2023-06-08','17:00:00', 4);
INSERT IGNORE INTO reservations (id, house_id, user_id, reserved_date, reserved_time, number_of_people) VALUES(9,3,7, '2023-06-09','18:00:00', 3);
INSERT IGNORE INTO reservations (id, house_id, user_id, reserved_date, reserved_time, number_of_people) VALUES(10,4,4, '2023-06-10','19:00:00', 5);
INSERT IGNORE INTO reservations (id, house_id, user_id, reserved_date, reserved_time, number_of_people) VALUES(11,4,6, '2023-06-11','10:30:00', 2);
INSERT IGNORE INTO reservations (id, house_id, user_id, reserved_date, reserved_time, number_of_people) VALUES(12,4,7, '2023-06-12','11:30:00', 4);
INSERT IGNORE INTO reservations (id, house_id, user_id, reserved_date, reserved_time, number_of_people) VALUES(13,5,4, '2023-06-13','12:30:00', 3);
INSERT IGNORE INTO reservations (id, house_id, user_id, reserved_date, reserved_time, number_of_people) VALUES(14,5,6, '2023-06-14','13:30:00', 5);
INSERT IGNORE INTO reservations (id, house_id, user_id, reserved_date, reserved_time, number_of_people) VALUES(15,5,7, '2023-06-15','14:30:00', 2);
INSERT IGNORE INTO reservations (id, house_id, user_id, reserved_date, reserved_time, number_of_people) VALUES(16,6,4, '2023-06-16','15:30:00', 1);
INSERT IGNORE INTO reservations (id, house_id, user_id, reserved_date, reserved_time, number_of_people) VALUES(17,6,6, '2023-06-17','16:30:00', 6);
INSERT IGNORE INTO reservations (id, house_id, user_id, reserved_date, reserved_time, number_of_people) VALUES(18,6,7, '2023-06-18','17:30:00', 4);
INSERT IGNORE INTO reservations (id, house_id, user_id, reserved_date, reserved_time, number_of_people) VALUES(19,7,4, '2023-06-19','18:30:00', 3);
INSERT IGNORE INTO reservations (id, house_id, user_id, reserved_date, reserved_time, number_of_people) VALUES(20,7,6, '2023-06-20','19:30:00', 5);
